encoding,item_id,category,script,lexicon,text,original_surface,n_tokens,n_han,n_codepoints,tokens_per_han,tokens_per_codepoint,n_utf8_fragments,han_split_rate,han_one_token_rate,fertility,boundary_f1
cl100k_base,tech01,tech,trad,tw,這個軟體最近更新了介面設計。,True,20,13,14,1.5384615384615385,1.4285714285714286,12,0.38461538461538464,0.46153846153846156,2.5,0.5384615384615384
cl100k_base,tech01,tech,simp,tw,这个软体最近更新了介面设计。,False,12,13,14,0.9230769230769231,0.8571428571428571,0,0.0,0.6923076923076923,1.5,0.7777777777777778
cl100k_base,tech01,tech,trad,cn,這個軟件最近更新了界面設計。,False,18,13,14,1.3846153846153846,1.2857142857142858,9,0.3076923076923077,0.5384615384615384,2.25,0.5833333333333334
cl100k_base,tech01,tech,simp,cn,这个软件最近更新了界面设计。,True,12,13,14,0.9230769230769231,0.8571428571428571,0,0.0,0.6923076923076923,1.7142857142857142,0.7058823529411764
cl100k_base,tech01,tech,trad,hk,這個軟件最近更新了介面設計。,True,18,13,14,1.3846153846153846,1.2857142857142858,9,0.3076923076923077,0.5384615384615384,2.25,0.5833333333333334
cl100k_base,tech01,tech,simp,hk,这个软件最近更新了介面设计。,False,12,13,14,0.9230769230769231,0.8571428571428571,0,0.0,0.6923076923076923,1.5,0.7777777777777778
cl100k_base,tech02,tech,trad,tw,請上傳一段三十秒的影片。,True,16,11,12,1.4545454545454546,1.3333333333333333,6,0.18181818181818182,0.8181818181818182,2.0,0.6363636363636364
cl100k_base,tech02,tech,simp,tw,请上传一段三十秒的影片。,False,11,11,12,1.0,0.9166666666666666,0,0.0,0.8181818181818182,1.5714285714285714,0.7499999999999999
cl100k_base,tech02,tech,trad,cn,請上傳一段三十秒的視頻。,False,18,11,12,1.6363636363636365,1.5,10,0.36363636363636365,0.6363636363636364,2.25,0.5833333333333334
cl100k_base,tech02,tech,simp,cn,请上传一段三十秒的视频。,True,10,11,12,0.9090909090909091,0.8333333333333334,0,0.0,0.6363636363636364,1.4285714285714286,0.8
cl100k_base,tech02,tech,trad,hk,請上載一段三十秒的影片。,True,16,11,12,1.4545454545454546,1.3333333333333333,6,0.18181818181818182,0.8181818181818182,2.2857142857142856,0.5714285714285715
cl100k_base,tech02,tech,simp,hk,请上载一段三十秒的影片。,False,12,11,12,1.0909090909090908,1.0,0,0.0,1.0,1.7142857142857142,0.7058823529411764
cl100k_base,tech03,tech,trad,tw,我需要把這份報告列印出來。,True,16,12,13,1.3333333333333333,1.2307692307692308,8,0.3333333333333333,0.5,2.0,0.6363636363636364
cl100k_base,tech03,tech,simp,tw,我需要把这份报告列印出来。,False,14,12,13,1.1666666666666667,1.0769230769230769,4,0.16666666666666666,0.6666666666666666,1.75,0.7000000000000001
cl100k_base,tech03,tech,trad,cn,我需要把這份報告打印出來。,False,16,12,13,1.3333333333333333,1.2307692307692308,8,0.3333333333333333,0.5,2.0,0.6363636363636364
cl100k_base,tech03,tech,simp,cn,我需要把这份报告打印出来。,True,14,12,13,1.1666666666666667,1.0769230769230769,4,0.16666666666666666,0.6666666666666666,1.75,0.7000000000000001
cl100k_base,tech03,tech,trad,hk,我需要把這份報告打印出來。,True,16,12,13,1.3333333333333333,1.2307692307692308,8,0.3333333333333333,0.5,2.0,0.6363636363636364
cl100k_base,tech03,tech,simp,hk,我需要把这份报告打印出来。,False,14,12,13,1.1666666666666667,1.0769230769230769,4,0.16666666666666666,0.6666666666666666,1.75,0.7000000000000001
cl100k_base,tech04,tech,trad,tw,滑鼠右鍵點一下就會出現選單。,True,24,13,14,1.8461538461538463,1.7142857142857142,18,0.6153846153846154,0.38461538461538464,3.4285714285714284,0.41379310344827586
cl100k_base,tech04,tech,simp,tw,滑鼠右键点一下就会出现选单。,False,17,13,14,1.3076923076923077,1.2142857142857142,5,0.15384615384615385,0.8461538461538461,1.8888888888888888,0.6666666666666666
cl100k_base,tech04,tech,trad,cn,鼠標右鍵點一下就會出現菜單。,False,25,13,14,1.9230769230769231,1.7857142857142858,19,0.6153846153846154,0.38461538461538464,3.5714285714285716,0.4
cl100k_base,tech04,tech,simp,cn,鼠标右键点一下就会出现菜单。,True,17,13,14,1.3076923076923077,1.2142857142857142,5,0.15384615384615385,0.8461538461538461,1.8888888888888888,0.6666666666666666
cl100k_base,tech04,tech,trad,hk,滑鼠右鍵撳一下就會出現選單。,True,24,13,14,1.8461538461538463,1.7142857142857142,18,0.6153846153846154,0.38461538461538464,3.0,0.4666666666666667
cl100k_base,tech04,tech,simp,hk,滑鼠右键揿一下就会出现选单。,False,18,13,14,1.3846153846153846,1.2857142857142858,7,0.23076923076923078,0.7692307692307693,2.0,0.6399999999999999
cl100k_base,tech05,tech,trad,tw,這個程式有一個小錯誤。,True,16,10,11,1.6,1.4545454545454546,10,0.5,0.5,2.2857142857142856,0.5714285714285715
cl100k_base,tech05,tech,simp,tw,这个程式有一个小错误。,False,9,10,11,0.9,0.8181818181818182,0,0.0,0.6,1.2857142857142858,0.8571428571428571
cl100k_base,tech05,tech,trad,cn,這個程序有一個小錯誤。,False,15,10,11,1.5,1.3636363636363635,10,0.5,0.3,2.142857142857143,0.6
cl100k_base,tech05,tech,simp,cn,这个程序有一个小错误。,True,8,10,11,0.8,0.7272727272727273,0,0.0,0.4,1.1428571428571428,0.923076923076923
cl100k_base,tech05,tech,trad,hk,這個程式有一個小錯誤。,True,16,10,11,1.6,1.4545454545454546,10,0.5,0.5,2.2857142857142856,0.5714285714285715
cl100k_base,tech05,tech,simp,hk,这个程式有一个小错误。,False,9,10,11,0.9,0.8181818181818182,0,0.0,0.6,1.2857142857142858,0.8571428571428571
cl100k_base,tech06,tech,trad,tw,資料庫連線失敗，請檢查網路設定。,True,28,14,16,2.0,1.75,20,0.5714285714285714,0.42857142857142855,3.111111111111111,0.45714285714285713
cl100k_base,tech06,tech,simp,tw,资料库连线失败，请检查网路设定。,False,14,14,16,1.0,0.875,0,0.0,0.7857142857142857,1.5555555555555556,0.6666666666666667
cl100k_base,tech06,tech,trad,cn,數據庫連接失敗，請檢查網絡設置。,False,29,14,16,2.0714285714285716,1.8125,22,0.6428571428571429,0.35714285714285715,3.2222222222222223,0.4444444444444445
cl100k_base,tech06,tech,simp,cn,数据库连接失败，请检查网络设置。,True,9,14,16,0.6428571428571429,0.5625,0,0.0,0.14285714285714285,1.0,0.875
cl100k_base,tech06,tech,trad,hk,資料庫連線失敗，請檢查網絡設定。,True,29,14,16,2.0714285714285716,1.8125,22,0.6428571428571429,0.35714285714285715,3.2222222222222223,0.4444444444444445
cl100k_base,tech06,tech,simp,hk,资料库连线失败，请检查网络设定。,False,13,14,16,0.9285714285714286,0.8125,0,0.0,0.6428571428571429,1.4444444444444444,0.7000000000000001
cl100k_base,tech07,tech,trad,tw,把檔案存到隨身碟裡。,True,16,9,10,1.7777777777777777,1.6,11,0.5555555555555556,0.4444444444444444,2.6666666666666665,0.5
cl100k_base,tech07,tech,simp,tw,把档案存到随身碟里。,False,14,9,10,1.5555555555555556,1.4,8,0.4444444444444444,0.5555555555555556,2.0,0.631578947368421
cl100k_base,tech07,tech,trad,cn,把文件存到U盤裏。,False,11,7,9,1.5714285714285714,1.2222222222222223,6,0.42857142857142855,0.2857142857142857,1.5714285714285714,0.7499999999999999
cl100k_base,tech07,tech,simp,cn,把文件存到U盘里。,True,10,7,9,1.4285714285714286,1.1111111111111112,4,0.2857142857142857,0.42857142857142855,1.4285714285714286,0.8
cl100k_base,tech07,tech,trad,hk,把檔案存到手指裡。,True,13,8,9,1.625,1.4444444444444444,7,0.375,0.625,2.1666666666666665,0.5882352941176471
cl100k_base,tech07,tech,simp,hk,把档案存到手指里。,False,11,8,9,1.375,1.2222222222222223,4,0.25,0.75,1.5714285714285714,0.7499999999999999
cl100k_base,daily01,daily,trad,tw,我要叫一輛計程車去機場。,True,19,11,12,1.7272727272727273,1.5833333333333333,11,0.36363636363636365,0.6363636363636364,2.7142857142857144,0.5
cl100k_base,daily01,daily,simp,tw,我要叫一辆计程车去机场。,False,14,11,12,1.2727272727272727,1.1666666666666667,4,0.18181818181818182,0.8181818181818182,2.0,0.631578947368421
cl100k_base,daily01,daily,trad,cn,我要叫一輛出租車去機場。,False,20,11,12,1.8181818181818181,1.6666666666666667,13,0.45454545454545453,0.5454545454545454,2.857142857142857,0.4799999999999999
cl100k_base,daily01,daily,simp,cn,我要叫一辆出租车去机场。,True,15,11,12,1.3636363636363635,1.25,6,0.2727272727272727,0.7272727272727273,2.142857142857143,0.6
cl100k_base,daily01,daily,trad,hk,我要叫一輛的士去機場。,True,17,10,11,1.7,1.5454545454545454,10,0.4,0.6,2.4285714285714284,0.5454545454545454
cl100k_base,daily01,daily,simp,hk,我要叫一辆的士去机场。,False,14,10,11,1.4,1.2727272727272727,6,0.3,0.7,2.0,0.631578947368421
cl100k_base,daily02,daily,trad,tw,夏天最喜歡吃鳳梨。,True,17,8,9,2.125,1.8888888888888888,14,0.75,0.25,3.4,0.4
cl100k_base,daily02,daily,simp,tw,夏天最喜欢吃凤梨。,False,16,8,9,2.0,1.7777777777777777,13,0.75,0.25,2.6666666666666665,0.5
cl100k_base,daily02,daily,trad,cn,夏天最喜歡喫菠蘿。,False,16,8,9,2.0,1.7777777777777777,13,0.75,0.25,2.2857142857142856,0.5714285714285715
cl100k_base,daily02,daily,simp,cn,夏天最喜欢吃菠萝。,True,15,8,9,1.875,1.6666666666666667,12,0.75,0.25,2.5,0.5263157894736842
cl100k_base,daily02,daily,trad,hk,夏天最喜歡吃菠蘿。,True,16,8,9,2.0,1.7777777777777777,13,0.75,0.25,3.2,0.4210526315789474
cl100k_base,daily02,daily,simp,hk,夏天最喜欢吃菠萝。,False,15,8,9,1.875,1.6666666666666667,12,0.75,0.25,2.5,0.5263157894736842
cl100k_base,daily03,daily,trad,tw,晚餐想煮馬鈴薯燉肉。,True,24,9,10,2.6666666666666665,2.4,23,1.0,0.0,3.0,0.4666666666666667
cl100k_base,daily03,daily,simp,tw,晚餐想煮马铃薯炖肉。,False,23,9,10,2.5555555555555554,2.3,22,1.0,0.0,3.8333333333333335,0.37037037037037035
cl100k_base,daily03,daily,trad,cn,晚餐想煮土豆燉肉。,False,19,8,9,2.375,2.111111111111111,17,0.875,0.125,2.7142857142857144,0.5
cl100k_base,daily03,daily,simp,cn,晚餐想煮土豆炖肉。,True,19,8,9,2.375,2.111111111111111,17,0.875,0.125,3.1666666666666665,0.4347826086956522
cl100k_base,daily03,daily,trad,hk,晚餐想煮薯仔燉肉。,True,21,8,9,2.625,2.3333333333333335,20,1.0,0.0,3.0,0.4615384615384615
cl100k_base,daily03,daily,simp,hk,晚餐想煮薯仔炖肉。,False,21,8,9,2.625,2.3333333333333335,20,1.0,0.0,3.5,0.4
cl100k_base,daily04,daily,trad,tw,搭捷運大約二十分鐘可以到。,True,19,12,13,1.5833333333333333,1.4615384615384615,12,0.4166666666666667,0.4166666666666667,2.7142857142857144,0.5
cl100k_base,daily04,daily,simp,tw,搭捷运大约二十分钟可以到。,False,14,12,13,1.1666666666666667,1.0769230769230769,5,0.16666666666666666,0.5,2.0,0.631578947368421
cl100k_base,daily04,daily,trad,cn,坐地鐵大約二十分鐘可以到。,False,18,12,13,1.5,1.3846153846153846,10,0.3333333333333333,0.5,2.5714285714285716,0.5217391304347826
cl100k_base,daily04,daily,simp,cn,坐地铁大约二十分钟可以到。,True,13,12,13,1.0833333333333333,1.0,4,0.16666666666666666,0.5,2.1666666666666665,0.5882352941176471
cl100k_base,daily04,daily,trad,hk,搭港鐵大約二十分鐘可以到。,True,20,12,13,1.6666666666666667,1.5384615384615385,13,0.4166666666666667,0.4166666666666667,2.857142857142857,0.4799999999999999
cl100k_base,daily04,daily,simp,hk,搭港铁大约二十分钟可以到。,False,15,12,13,1.25,1.1538461538461537,7,0.25,0.4166666666666667,2.142857142857143,0.6
cl100k_base,daily05,daily,trad,tw,轉角的便利商店有賣。,True,13,9,10,1.4444444444444444,1.3,6,0.3333333333333333,0.6666666666666666,2.1666666666666665,0.5882352941176471
cl100k_base,daily05,daily,simp,tw,转角的便利商店有卖。,False,12,9,10,1.3333333333333333,1.2,4,0.2222222222222222,0.7777777777777778,2.0,0.625
cl100k_base,daily05,daily,trad,cn,拐角的便利店有賣。,False,12,8,9,1.5,1.3333333333333333,6,0.375,0.625,2.0,0.625
cl100k_base,daily05,daily,simp,cn,拐角的便利店有卖。,True,12,8,9,1.5,1.3333333333333333,6,0.375,0.625,2.0,0.625
cl100k_base,daily05,daily,trad,hk,轉角的便利店有賣。,True,12,8,9,1.5,1.3333333333333333,6,0.375,0.625,2.0,0.625
cl100k_base,daily05,daily,simp,hk,转角的便利店有卖。,False,11,8,9,1.375,1.2222222222222223,4,0.25,0.75,1.8333333333333333,0.6666666666666666
cl100k_base,daily06,daily,trad,tw,他騎機車去上班。,True,15,7,8,2.142857142857143,1.875,11,0.5714285714285714,0.42857142857142855,2.5,0.5263157894736842
cl100k_base,daily06,daily,simp,tw,他骑机车去上班。,False,11,7,8,1.5714285714285714,1.375,5,0.2857142857142857,0.7142857142857143,1.8333333333333333,0.6666666666666666
cl100k_base,daily06,daily,trad,cn,他騎摩托車去上班。,False,16,8,9,2.0,1.7777777777777777,12,0.625,0.375,2.6666666666666665,0.5
cl100k_base,daily06,daily,simp,cn,他骑摩托车去上班。,True,14,8,9,1.75,1.5555555555555556,9,0.5,0.5,2.3333333333333335,0.5555555555555556
cl100k_base,daily06,daily,trad,hk,他踩電單車去上班。,True,16,8,9,2.0,1.7777777777777777,12,0.625,0.375,2.6666666666666665,0.5
cl100k_base,daily06,daily,simp,hk,他踩电单车去上班。,False,12,8,9,1.5,1.3333333333333333,5,0.25,0.75,2.0,0.625
cl100k_base,daily07,daily,trad,tw,冰箱裡還有一罐優格。,True,16,9,10,1.7777777777777777,1.6,11,0.5555555555555556,0.4444444444444444,2.6666666666666665,0.5
cl100k_base,daily07,daily,simp,tw,冰箱里还有一罐优格。,False,12,9,10,1.3333333333333333,1.2,4,0.2222222222222222,0.7777777777777778,2.0,0.625
cl100k_base,daily07,daily,trad,cn,冰箱裏還有一罐酸奶。,False,17,9,10,1.8888888888888888,1.7,13,0.6666666666666666,0.3333333333333333,2.8333333333333335,0.47619047619047616
cl100k_base,daily07,daily,simp,cn,冰箱里还有一罐酸奶。,True,15,9,10,1.6666666666666667,1.5,9,0.4444444444444444,0.5555555555555556,2.5,0.5263157894736842
cl100k_base,daily07,daily,trad,hk,雪櫃裡還有一罐乳酪。,True,19,9,10,2.111111111111111,1.9,16,0.7777777777777778,0.2222222222222222,3.8,0.3636363636363636
cl100k_base,daily07,daily,simp,hk,雪柜里还有一罐乳酪。,False,16,9,10,1.7777777777777777,1.6,11,0.5555555555555556,0.4444444444444444,2.6666666666666665,0.5
cl100k_base,news01,news,trad,tw,政府今日宣布新的環保政策。,True,18,12,13,1.5,1.3846153846153846,9,0.3333333333333333,0.6666666666666666,2.25,0.5833333333333334
cl100k_base,news01,news,simp,tw,政府今日宣布新的环保政策。,False,16,12,13,1.3333333333333333,1.2307692307692308,6,0.25,0.75,2.0,0.6363636363636364
cl100k_base,news01,news,trad,cn,政府今日宣佈新的環保政策。,False,19,12,13,1.5833333333333333,1.4615384615384615,11,0.4166666666666667,0.5833333333333334,2.111111111111111,0.6153846153846153
cl100k_base,news01,news,simp,cn,政府今日宣布新的环保政策。,True,16,12,13,1.3333333333333333,1.2307692307692308,6,0.25,0.75,2.0,0.6363636363636364
cl100k_base,news01,news,trad,hk,政府今日宣布新的環保政策。,True,18,12,13,1.5,1.3846153846153846,9,0.3333333333333333,0.6666666666666666,2.25,0.5833333333333334
cl100k_base,news01,news,simp,hk,政府今日宣布新的环保政策。,False,16,12,13,1.3333333333333333,1.2307692307692308,6,0.25,0.75,2.0,0.6363636363636364
cl100k_base,news02,news,trad,tw,教育部公布最新的入學率統計。,True,18,13,14,1.3846153846153846,1.2857142857142858,8,0.3076923076923077,0.6923076923076923,2.5714285714285716,0.5217391304347826
cl100k_base,news02,news,simp,tw,教育部公布最新的入学率统计。,False,16,13,14,1.2307692307692308,1.1428571428571428,4,0.15384615384615385,0.8461538461538461,2.2857142857142856,0.5714285714285715
cl100k_base,news02,news,trad,cn,教育部公佈最新的入學率統計。,False,19,13,14,1.4615384615384615,1.3571428571428572,10,0.38461538461538464,0.6153846153846154,2.375,0.56
cl100k_base,news02,news,simp,cn,教育部公布最新的入学率统计。,True,16,13,14,1.2307692307692308,1.1428571428571428,4,0.15384615384615385,0.8461538461538461,2.2857142857142856,0.5714285714285715
cl100k_base,news02,news,trad,hk,教育局公布最新的入學率統計。,True,18,13,14,1.3846153846153846,1.2857142857142858,8,0.3076923076923077,0.6923076923076923,2.5714285714285716,0.5217391304347826
cl100k_base,news02,news,simp,hk,教育局公布最新的入学率统计。,False,16,13,14,1.2307692307692308,1.1428571428571428,4,0.15384615384615385,0.8461538461538461,2.2857142857142856,0.5714285714285715
cl100k_base,news03,news,trad,tw,總統在記者會上發表重要談話。,True,21,13,14,1.6153846153846154,1.5,12,0.38461538461538464,0.6153846153846154,2.3333333333333335,0.5714285714285715
cl100k_base,news03,news,simp,tw,总统在记者会上发表重要谈话。,False,15,13,14,1.1538461538461537,1.0714285714285714,2,0.07692307692307693,0.9230769230769231,1.875,0.6666666666666666
cl100k_base,news03,news,trad,cn,主席在記者會上發表重要談話。,False,19,13,14,1.4615384615384615,1.3571428571428572,9,0.3076923076923077,0.6923076923076923,2.111111111111111,0.6153846153846153
cl100k_base,news03,news,simp,cn,主席在记者会上发表重要谈话。,True,16,13,14,1.2307692307692308,1.1428571428571428,4,0.15384615384615385,0.8461538461538461,2.0,0.6363636363636364
cl100k_base,news03,news,trad,hk,特首在記者會上發表重要講話。,True,18,13,14,1.3846153846153846,1.2857142857142858,7,0.23076923076923078,0.7692307692307693,2.0,0.6399999999999999
cl100k_base,news03,news,simp,hk,特首在记者会上发表重要讲话。,False,15,13,14,1.1538461538461537,1.0714285714285714,2,0.07692307692307693,0.9230769230769231,2.142857142857143,0.6
cl100k_base,news04,news,trad,tw,疫情期間口罩供應穩定。,True,17,10,11,1.7,1.5454545454545454,10,0.4,0.6,2.8333333333333335,0.47619047619047616
cl100k_base,news04,news,simp,tw,疫情期间口罩供应稳定。,False,15,10,11,1.5,1.3636363636363635,7,0.3,0.7,2.5,0.5263157894736842
cl100k_base,news04,news,trad,cn,疫情期間口罩供應穩定。,False,17,10,11,1.7,1.5454545454545454,10,0.4,0.6,2.8333333333333335,0.47619047619047616
cl100k_base,news04,news,simp,cn,疫情期间口罩供应稳定。,True,15,10,11,1.5,1.3636363636363635,7,0.3,0.7,2.5,0.5263157894736842
cl100k_base,news04,news,trad,hk,疫情期間口罩供應穩定。,True,17,10,11,1.7,1.5454545454545454,10,0.4,0.6,2.8333333333333335,0.47619047619047616
cl100k_base,news04,news,simp,hk,疫情期间口罩供应稳定。,False,15,10,11,1.5,1.3636363636363635,7,0.3,0.7,2.5,0.5263157894736842
cl100k_base,news05,news,trad,tw,人工智慧的發展引發各界討論。,True,22,13,14,1.6923076923076923,1.5714285714285714,15,0.5384615384615384,0.46153846153846156,3.142857142857143,0.4444444444444445
cl100k_base,news05,news,simp,tw,人工智慧的发展引发各界讨论。,False,18,13,14,1.3846153846153846,1.2857142857142858,8,0.3076923076923077,0.6923076923076923,2.5714285714285716,0.5217391304347826
cl100k_base,news05,news,trad,cn,人工智能的發展引發各界討論。,False,21,13,14,1.6153846153846154,1.5,13,0.46153846153846156,0.5384615384615384,3.0,0.4615384615384615
cl100k_base,news05,news,simp,cn,人工智能的发展引发各界讨论。,True,17,13,14,1.3076923076923077,1.2142857142857142,6,0.23076923076923078,0.7692307692307693,2.4285714285714284,0.5454545454545454
cl100k_base,news05,news,trad,hk,人工智能的發展引發各界討論。,True,21,13,14,1.6153846153846154,1.5,13,0.46153846153846156,0.5384615384615384,3.0,0.4615384615384615
cl100k_base,news05,news,simp,hk,人工智能的发展引发各界讨论。,False,17,13,14,1.3076923076923077,1.2142857142857142,6,0.23076923076923078,0.7692307692307693,2.4285714285714284,0.5454545454545454
cl100k_base,news06,news,trad,tw,法院駁回上訴並維持原判決。,True,21,12,13,1.75,1.6153846153846154,14,0.5,0.5,3.0,0.4615384615384615
cl100k_base,news06,news,simp,tw,法院驳回上诉并维持原判决。,False,18,12,13,1.5,1.3846153846153846,10,0.4166666666666667,0.5833333333333334,3.0,0.45454545454545453
cl100k_base,news06,news,trad,cn,法院駁回上訴並維持原判決。,False,21,12,13,1.75,1.6153846153846154,14,0.5,0.5,3.0,0.4615384615384615
cl100k_base,news06,news,simp,cn,法院驳回上诉并维持原判决。,True,18,12,13,1.5,1.3846153846153846,10,0.4166666666666667,0.5833333333333334,3.0,0.45454545454545453
cl100k_base,news06,news,trad,hk,法院駁回上訴並維持原判決。,True,21,12,13,1.75,1.6153846153846154,14,0.5,0.5,3.0,0.4615384615384615
cl100k_base,news06,news,simp,hk,法院驳回上诉并维持原判决。,False,18,12,13,1.5,1.3846153846153846,10,0.4166666666666667,0.5833333333333334,3.0,0.45454545454545453
cl100k_base,loan01,loan,trad,tw,實驗室新買了一台雷射切割機。,True,23,13,14,1.7692307692307692,1.6428571428571428,17,0.6153846153846154,0.38461538461538464,2.5555555555555554,0.5333333333333333
cl100k_base,loan01,loan,simp,tw,实验室新买了一台雷射切割机。,False,19,13,14,1.4615384615384615,1.3571428571428572,10,0.38461538461538464,0.6153846153846154,2.7142857142857144,0.5
cl100k_base,loan01,loan,trad,cn,實驗室新買了一臺激光切割機。,False,26,13,14,2.0,1.8571428571428572,22,0.7692307692307693,0.23076923076923078,2.6,0.5294117647058824
cl100k_base,loan01,loan,simp,cn,实验室新买了一台激光切割机。,True,21,13,14,1.6153846153846154,1.5,13,0.46153846153846156,0.5384615384615384,3.0,0.4615384615384615
cl100k_base,loan01,loan,trad,hk,實驗室新買了一台激光切割機。,True,25,13,14,1.9230769230769231,1.7857142857142858,20,0.6923076923076923,0.3076923076923077,2.7777777777777777,0.5
cl100k_base,loan01,loan,simp,hk,实验室新买了一台激光切割机。,False,21,13,14,1.6153846153846154,1.5,13,0.46153846153846156,0.5384615384615384,3.0,0.4615384615384615
cl100k_base,loan02,loan,trad,tw,她每天都在部落格上寫作。,True,15,11,12,1.3636363636363635,1.25,6,0.2727272727272727,0.7272727272727273,1.875,0.6666666666666666
cl100k_base,loan02,loan,simp,tw,她每天都在部落格上写作。,False,14,11,12,1.2727272727272727,1.1666666666666667,4,0.18181818181818182,0.8181818181818182,1.75,0.7000000000000001
cl100k_base,loan02,loan,trad,cn,她每天都在博客上寫作。,False,14,10,11,1.4,1.2727272727272727,6,0.3,0.7,1.75,0.7000000000000001
cl100k_base,loan02,loan,simp,cn,她每天都在博客上写作。,True,13,10,11,1.3,1.1818181818181819,4,0.2,0.8,1.625,0.7368421052631579
cl100k_base,loan02,loan,trad,hk,她每天都在網誌上寫作。,True,16,10,11,1.6,1.4545454545454546,9,0.4,0.6,2.0,0.6363636363636364
cl100k_base,loan02,loan,simp,hk,她每天都在网志上写作。,False,12,10,11,1.2,1.0909090909090908,2,0.1,0.9,1.7142857142857142,0.7058823529411764
cl100k_base,loan03,loan,trad,tw,網際網路改變了資訊傳播。,True,22,11,12,2.0,1.8333333333333333,17,0.6363636363636364,0.36363636363636365,3.142857142857143,0.4444444444444445
cl100k_base,loan03,loan,simp,tw,网际网路改变了资讯传播。,False,14,11,12,1.2727272727272727,1.1666666666666667,4,0.18181818181818182,0.8181818181818182,2.3333333333333335,0.5555555555555556
cl100k_base,loan03,loan,trad,cn,互聯網改變了信息傳播。,False,17,10,11,1.7,1.5454545454545454,12,0.5,0.3,2.8333333333333335,0.47619047619047616
cl100k_base,loan03,loan,simp,cn,互联网改变了信息传播。,True,11,10,11,1.1,1.0,2,0.1,0.7,1.8333333333333333,0.6666666666666666
cl100k_base,loan03,loan,trad,hk,互聯網改變了資訊傳播。,True,20,10,11,2.0,1.8181818181818181,16,0.7,0.3,3.3333333333333335,0.4166666666666667
cl100k_base,loan03,loan,simp,hk,互联网改变了资讯传播。,False,13,10,11,1.3,1.1818181818181819,4,0.2,0.8,2.1666666666666665,0.5882352941176471
cl100k_base,loan04,loan,trad,tw,他點了一杯拿鐵和一份三明治。,True,19,13,14,1.4615384615384615,1.3571428571428572,9,0.3076923076923077,0.6923076923076923,2.111111111111111,0.6153846153846153
cl100k_base,loan04,loan,simp,tw,他点了一杯拿铁和一份三明治。,False,17,13,14,1.3076923076923077,1.2142857142857142,6,0.23076923076923078,0.7692307692307693,1.8888888888888888,0.6666666666666666
cl100k_base,loan04,loan,trad,cn,他點了一杯拿鐵和一份三明治。,False,19,13,14,1.4615384615384615,1.3571428571428572,9,0.3076923076923077,0.6923076923076923,2.111111111111111,0.6153846153846153
cl100k_base,loan04,loan,simp,cn,他点了一杯拿铁和一份三明治。,True,17,13,14,1.3076923076923077,1.2142857142857142,6,0.23076923076923078,0.7692307692307693,1.8888888888888888,0.6666666666666666
cl100k_base,loan04,loan,trad,hk,他叫咗一杯拿鐵同一份三文治。,True,21,13,14,1.6153846153846154,1.5,12,0.38461538461538464,0.6153846153846154,2.625,0.5185185185185185
cl100k_base,loan04,loan,simp,hk,他叫咗一杯拿铁同一份三文治。,False,20,13,14,1.5384615384615385,1.4285714285714286,11,0.38461538461538464,0.6153846153846154,2.5,0.5384615384615384
cl100k_base,loan05,loan,trad,tw,這款巧克力用了新的乳化劑。,True,18,12,13,1.5,1.3846153846153846,10,0.4166666666666667,0.5833333333333334,2.0,0.6399999999999999
cl100k_base,loan05,loan,simp,tw,这款巧克力用了新的乳化剂。,False,17,12,13,1.4166666666666667,1.3076923076923077,8,0.3333333333333333,0.6666666666666666,1.8888888888888888,0.6666666666666666
cl100k_base,loan05,loan,trad,cn,這款巧克力用了新的乳化劑。,False,18,12,13,1.5,1.3846153846153846,10,0.4166666666666667,0.5833333333333334,2.0,0.6399999999999999
cl100k_base,loan05,loan,simp,cn,这款巧克力用了新的乳化剂。,True,17,12,13,1.4166666666666667,1.3076923076923077,8,0.3333333333333333,0.6666666666666666,1.8888888888888888,0.6666666666666666
cl100k_base,loan05,loan,trad,hk,這款朱古力用了新的乳化劑。,True,18,12,13,1.5,1.3846153846153846,10,0.4166666666666667,0.5833333333333334,2.0,0.6399999999999999
cl100k_base,loan05,loan,simp,hk,这款朱古力用了新的乳化剂。,False,17,12,13,1.4166666666666667,1.3076923076923077,8,0.3333333333333333,0.6666666666666666,1.8888888888888888,0.6666666666666666
cl100k_base,loan06,loan,trad,tw,維他命和礦物質都要補充。,True,18,11,12,1.6363636363636365,1.5,11,0.45454545454545453,0.5454545454545454,2.25,0.5833333333333334
cl100k_base,loan06,loan,simp,tw,维他命和矿物质都要补充。,False,18,11,12,1.6363636363636365,1.5,11,0.45454545454545453,0.5454545454545454,2.5714285714285716,0.5217391304347826
cl100k_base,loan06,loan,trad,cn,維生素和礦物質都要補充。,False,18,11,12,1.6363636363636365,1.5,11,0.45454545454545453,0.5454545454545454,2.5714285714285716,0.5217391304347826
cl100k_base,loan06,loan,simp,cn,维生素和矿物质都要补充。,True,18,11,12,1.6363636363636365,1.5,11,0.45454545454545453,0.5454545454545454,2.5714285714285716,0.5217391304347826
cl100k_base,loan06,loan,trad,hk,維他命和礦物質都要補充。,True,18,11,12,1.6363636363636365,1.5,11,0.45454545454545453,0.5454545454545454,2.25,0.5833333333333334
cl100k_base,loan06,loan,simp,hk,维他命和矿物质都要补充。,False,18,11,12,1.6363636363636365,1.5,11,0.45454545454545453,0.5454545454545454,2.5714285714285716,0.5217391304347826
cl100k_base,cxg01,cxg,trad,tw,他越說越生氣，最後乾脆不講了。,True,24,13,15,1.8461538461538463,1.6,16,0.5384615384615384,0.46153846153846156,2.0,0.6470588235294118
cl100k_base,cxg01,cxg,simp,tw,他越说越生气，最后干脆不讲了。,False,22,13,15,1.6923076923076923,1.4666666666666666,13,0.46153846153846156,0.5384615384615384,1.8333333333333333,0.6875000000000001
cl100k_base,cxg01,cxg,trad,cn,他越說越生氣，最後乾脆不講了。,False,24,13,15,1.8461538461538463,1.6,16,0.5384615384615384,0.46153846153846156,2.0,0.6470588235294118
cl100k_base,cxg01,cxg,simp,cn,他越说越生气，最后干脆不讲了。,True,22,13,15,1.6923076923076923,1.4666666666666666,13,0.46153846153846156,0.5384615384615384,1.8333333333333333,0.6875000000000001
cl100k_base,cxg01,cxg,trad,hk,他越講越嬲，最後索性唔講。,True,22,11,13,2.0,1.6923076923076923,15,0.5454545454545454,0.45454545454545453,2.0,0.6451612903225806
cl100k_base,cxg01,cxg,simp,hk,他越讲越嬲，最后索性唔讲。,False,20,11,13,1.8181818181818181,1.5384615384615385,13,0.5454545454545454,0.45454545454545453,1.8181818181818181,0.6896551724137931
cl100k_base,cxg02,cxg,trad,tw,這本書我一看就懂。,True,13,8,9,1.625,1.4444444444444444,7,0.375,0.625,1.8571428571428572,0.6666666666666666
cl100k_base,cxg02,cxg,simp,tw,这本书我一看就懂。,False,11,8,9,1.375,1.2222222222222223,3,0.125,0.875,1.375,0.8235294117647058
cl100k_base,cxg02,cxg,trad,cn,這本書我一看就懂。,False,13,8,9,1.625,1.4444444444444444,7,0.375,0.625,1.8571428571428572,0.6666666666666666
cl100k_base,cxg02,cxg,simp,cn,这本书我一看就懂。,True,11,8,9,1.375,1.2222222222222223,3,0.125,0.875,1.375,0.8235294117647058
cl100k_base,cxg02,cxg,trad,hk,這本書我一睇就明。,True,12,8,9,1.5,1.3333333333333333,6,0.375,0.625,1.7142857142857142,0.7058823529411764
cl100k_base,cxg02,cxg,simp,hk,这本书我一睇就明。,False,10,8,9,1.25,1.1111111111111112,2,0.125,0.875,1.25,0.8750000000000001
cl100k_base,cxg03,cxg,trad,tw,他昨天洗了個澡就睡了。,True,17,10,11,1.7,1.5454545454545454,11,0.5,0.5,1.7,0.72
cl100k_base,cxg03,cxg,simp,tw,他昨天洗了个澡就睡了。,False,16,10,11,1.6,1.4545454545454546,9,0.4,0.6,1.6,0.7499999999999999
cl100k_base,cxg03,cxg,trad,cn,他昨天洗了個澡就睡了。,False,17,10,11,1.7,1.5454545454545454,11,0.5,0.5,1.7,0.72
cl100k_base,cxg03,cxg,simp,cn,他昨天洗了个澡就睡了。,True,16,10,11,1.6,1.4545454545454546,9,0.4,0.6,1.6,0.7499999999999999
cl100k_base,cxg03,cxg,trad,hk,他琴日沖咗個涼就瞓。,True,18,9,10,2.0,1.8,14,0.6666666666666666,0.3333333333333333,2.0,0.6399999999999999
cl100k_base,cxg03,cxg,simp,hk,他琴日冲咗个凉就瞓。,False,17,9,10,1.8888888888888888,1.7,12,0.5555555555555556,0.4444444444444444,1.8888888888888888,0.6666666666666666
cl100k_base,cxg04,cxg,trad,tw,我們研究研究再決定。,True,18,9,10,2.0,1.8,14,0.6666666666666666,0.3333333333333333,3.0,0.45454545454545453
cl100k_base,cxg04,cxg,simp,tw,我们研究研究再决定。,False,16,9,10,1.7777777777777777,1.6,12,0.5555555555555556,0.2222222222222222,2.6666666666666665,0.5
cl100k_base,cxg04,cxg,trad,cn,我們研究研究再決定。,False,18,9,10,2.0,1.8,14,0.6666666666666666,0.3333333333333333,3.0,0.45454545454545453
cl100k_base,cxg04,cxg,simp,cn,我们研究研究再决定。,True,16,9,10,1.7777777777777777,1.6,12,0.5555555555555556,0.2222222222222222,2.6666666666666665,0.5
cl100k_base,cxg04,cxg,trad,hk,我哋研究研究先決定。,True,18,9,10,2.0,1.8,14,0.6666666666666666,0.3333333333333333,3.0,0.45454545454545453
cl100k_base,cxg04,cxg,simp,hk,我哋研究研究先决定。,False,18,9,10,2.0,1.8,14,0.6666666666666666,0.3333333333333333,2.5714285714285716,0.5217391304347826
cl100k_base,cxg05,cxg,trad,tw,這件事說起來一言難盡。,True,16,10,11,1.6,1.4545454545454546,10,0.5,0.5,2.2857142857142856,0.5714285714285715
cl100k_base,cxg05,cxg,simp,tw,这件事说起来一言难尽。,False,13,10,11,1.3,1.1818181818181819,4,0.2,0.8,2.6,0.5
cl100k_base,cxg05,cxg,trad,cn,這件事說起來一言難盡。,False,16,10,11,1.6,1.4545454545454546,10,0.5,0.5,2.2857142857142856,0.5714285714285715
cl100k_base,cxg05,cxg,simp,cn,这件事说起来一言难尽。,True,13,10,11,1.3,1.1818181818181819,4,0.2,0.8,2.6,0.5
cl100k_base,cxg05,cxg,trad,hk,呢件事講起上嚟一言難盡。,True,19,11,12,1.7272727272727273,1.5833333333333333,12,0.45454545454545453,0.5454545454545454,2.111111111111111,0.6153846153846153
cl100k_base,cxg05,cxg,simp,hk,呢件事讲起上嚟一言难尽。,False,18,11,12,1.6363636363636365,1.5,11,0.45454545454545453,0.5454545454545454,2.0,0.6399999999999999
cl100k_base,cxg06,cxg,trad,tw,他把那份文件放在桌上了。,True,14,11,12,1.2727272727272727,1.1666666666666667,6,0.2727272727272727,0.5454545454545454,1.75,0.7000000000000001
cl100k_base,cxg06,cxg,simp,tw,他把那份文件放在桌上了。,False,14,11,12,1.2727272727272727,1.1666666666666667,6,0.2727272727272727,0.5454545454545454,1.75,0.7000000000000001
cl100k_base,cxg06,cxg,trad,cn,他把那份文件放在桌上了。,False,14,11,12,1.2727272727272727,1.1666666666666667,6,0.2727272727272727,0.5454545454545454,1.75,0.7000000000000001
cl100k_base,cxg06,cxg,simp,cn,他把那份文件放在桌上了。,True,14,11,12,1.2727272727272727,1.1666666666666667,6,0.2727272727272727,0.5454545454545454,1.75,0.7000000000000001
cl100k_base,cxg06,cxg,trad,hk,佢將份文件擺喺枱面。,True,15,9,10,1.6666666666666667,1.5,11,0.5555555555555556,0.2222222222222222,2.142857142857143,0.6
cl100k_base,cxg06,cxg,simp,hk,佢将份文件摆喺枱面。,False,13,9,10,1.4444444444444444,1.3,8,0.4444444444444444,0.3333333333333333,1.8571428571428572,0.6666666666666666
cl100k_base,name01,name,trad,tw,川普與拜登再次交鋒。,True,16,9,10,1.7777777777777777,1.6,11,0.5555555555555556,0.4444444444444444,2.6666666666666665,0.5
cl100k_base,name01,name,simp,tw,川普与拜登再次交锋。,False,14,9,10,1.5555555555555556,1.4,8,0.4444444444444444,0.5555555555555556,2.3333333333333335,0.5555555555555556
cl100k_base,name01,name,trad,cn,特朗普與拜登再次交鋒。,False,17,10,11,1.7,1.5454545454545454,11,0.5,0.5,2.8333333333333335,0.47619047619047616
cl100k_base,name01,name,simp,cn,特朗普与拜登再次交锋。,True,15,10,11,1.5,1.3636363636363635,8,0.4,0.6,2.5,0.5263157894736842
cl100k_base,name01,name,trad,hk,特朗普與拜登再次交鋒。,True,17,10,11,1.7,1.5454545454545454,11,0.5,0.5,2.8333333333333335,0.47619047619047616
cl100k_base,name01,name,simp,hk,特朗普与拜登再次交锋。,False,15,10,11,1.5,1.3636363636363635,8,0.4,0.6,2.5,0.5263157894736842
cl100k_base,name02,name,trad,tw,他下週要飛往雪梨開會。,True,18,10,11,1.8,1.6363636363636365,13,0.6,0.4,2.5714285714285716,0.5217391304347826
cl100k_base,name02,name,simp,tw,他下周要飞往雪梨开会。,False,16,10,11,1.6,1.4545454545454546,9,0.4,0.6,2.2857142857142856,0.5714285714285715
cl100k_base,name02,name,trad,cn,他下週要飛往悉尼開會。,False,18,10,11,1.8,1.6363636363636365,13,0.6,0.4,2.5714285714285716,0.5217391304347826
cl100k_base,name02,name,simp,cn,他下周要飞往悉尼开会。,True,16,10,11,1.6,1.4545454545454546,9,0.4,0.6,2.2857142857142856,0.5714285714285715
cl100k_base,name02,name,trad,hk,他下星期要飛往悉尼開會。,True,18,11,12,1.6363636363636365,1.5,11,0.45454545454545453,0.5454545454545454,2.5714285714285716,0.5217391304347826
cl100k_base,name02,name,simp,hk,他下星期要飞往悉尼开会。,False,17,11,12,1.5454545454545454,1.4166666666666667,9,0.36363636363636365,0.6363636363636364,2.4285714285714284,0.5454545454545454
cl100k_base,name03,name,trad,tw,紐西蘭的乳製品出口成長。,True,18,11,12,1.6363636363636365,1.5,11,0.45454545454545453,0.5454545454545454,2.25,0.5833333333333334
cl100k_base,name03,name,simp,tw,纽西兰的乳制品出口成长。,False,15,11,12,1.3636363636363635,1.25,6,0.2727272727272727,0.7272727272727273,2.5,0.5263157894736842
cl100k_base,name03,name,trad,cn,新西蘭的乳製品出口增長。,False,17,11,12,1.5454545454545454,1.4166666666666667,9,0.36363636363636365,0.6363636363636364,2.125,0.6086956521739131
cl100k_base,name03,name,simp,cn,新西兰的乳制品出口增长。,True,14,11,12,1.2727272727272727,1.1666666666666667,4,0.18181818181818182,0.8181818181818182,2.3333333333333335,0.5555555555555556
cl100k_base,name03,name,trad,hk,紐西蘭的乳製品出口增長。,True,18,11,12,1.6363636363636365,1.5,11,0.45454545454545453,0.5454545454545454,2.25,0.5833333333333334
cl100k_base,name03,name,simp,hk,纽西兰的乳制品出口增长。,False,15,11,12,1.3636363636363635,1.25,6,0.2727272727272727,0.7272727272727273,2.5,0.5263157894736842
cl100k_base,name04,name,trad,tw,他最愛的作家是海明威。,True,14,10,11,1.4,1.2727272727272727,5,0.2,0.8,2.3333333333333335,0.5555555555555556
cl100k_base,name04,name,simp,tw,他最爱的作家是海明威。,False,14,10,11,1.4,1.2727272727272727,5,0.2,0.8,1.75,0.7000000000000001
cl100k_base,name04,name,trad,cn,他最愛的作家是海明威。,False,14,10,11,1.4,1.2727272727272727,5,0.2,0.8,2.3333333333333335,0.5555555555555556
cl100k_base,name04,name,simp,cn,他最爱的作家是海明威。,True,14,10,11,1.4,1.2727272727272727,5,0.2,0.8,1.75,0.7000000000000001
cl100k_base,name04,name,trad,hk,他最愛的作家是海明威。,True,14,10,11,1.4,1.2727272727272727,5,0.2,0.8,2.3333333333333335,0.5555555555555556
cl100k_base,name04,name,simp,hk,他最爱的作家是海明威。,False,14,10,11,1.4,1.2727272727272727,5,0.2,0.8,1.75,0.7000000000000001
cl100k_base,name05,name,trad,tw,梵谷的畫作在奧塞美術館展出。,True,23,13,14,1.7692307692307692,1.6428571428571428,16,0.5384615384615384,0.46153846153846156,3.2857142857142856,0.42857142857142855
cl100k_base,name05,name,simp,tw,梵谷的画作在奥塞美术馆展出。,False,21,13,14,1.6153846153846154,1.5,13,0.46153846153846156,0.5384615384615384,2.625,0.5185185185185185
cl100k_base,name05,name,trad,cn,梵高的畫作在奧賽博物館展出。,False,22,13,14,1.6923076923076923,1.5714285714285714,14,0.46153846153846156,0.5384615384615384,2.4444444444444446,0.5517241379310345
cl100k_base,name05,name,simp,cn,梵高的画作在奥赛博物馆展出。,True,20,13,14,1.5384615384615385,1.4285714285714286,11,0.38461538461538464,0.6153846153846154,2.5,0.5384615384615384
cl100k_base,name05,name,trad,hk,梵高的畫作在奧賽博物館展出。,True,22,13,14,1.6923076923076923,1.5714285714285714,14,0.46153846153846156,0.5384615384615384,2.4444444444444446,0.5517241379310345
cl100k_base,name05,name,simp,hk,梵高的画作在奥赛博物馆展出。,False,20,13,14,1.5384615384615385,1.4285714285714286,11,0.38461538461538464,0.6153846153846154,2.5,0.5384615384615384
o200k_base,tech01,tech,trad,tw,這個軟體最近更新了介面設計。,True,13,13,14,1.0,0.9285714285714286,2,0.07692307692307693,0.6153846153846154,1.625,0.7368421052631579
o200k_base,tech01,tech,simp,tw,这个软体最近更新了介面设计。,False,10,13,14,0.7692307692307693,0.7142857142857143,0,0.0,0.38461538461538464,1.25,0.8750000000000001
o200k_base,tech01,tech,trad,cn,這個軟件最近更新了界面設計。,False,13,13,14,1.0,0.9285714285714286,2,0.07692307692307693,0.6153846153846154,1.625,0.7368421052631579
o200k_base,tech01,tech,simp,cn,这个软件最近更新了界面设计。,True,9,13,14,0.6923076923076923,0.6428571428571429,0,0.0,0.23076923076923078,1.2857142857142858,0.8571428571428571
o200k_base,tech01,tech,trad,hk,這個軟件最近更新了介面設計。,True,13,13,14,1.0,0.9285714285714286,2,0.07692307692307693,0.6153846153846154,1.625,0.7368421052631579
o200k_base,tech01,tech,simp,hk,这个软件最近更新了介面设计。,False,9,13,14,0.6923076923076923,0.6428571428571429,0,0.0,0.23076923076923078,1.125,0.9333333333333333
o200k_base,tech02,tech,trad,tw,請上傳一段三十秒的影片。,True,11,11,12,1.0,0.9166666666666666,0,0.0,0.8181818181818182,1.375,0.8235294117647058
o200k_base,tech02,tech,simp,tw,请上传一段三十秒的影片。,False,10,11,12,0.9090909090909091,0.8333333333333334,0,0.0,0.6363636363636364,1.4285714285714286,0.8
o200k_base,tech02,tech,trad,cn,請上傳一段三十秒的視頻。,False,11,11,12,1.0,0.9166666666666666,0,0.0,0.8181818181818182,1.375,0.8235294117647058
o200k_base,tech02,tech,simp,cn,请上传一段三十秒的视频。,True,9,11,12,0.8181818181818182,0.75,0,0.0,0.5454545454545454,1.2857142857142858,0.7142857142857143
o200k_base,tech02,tech,trad,hk,請上載一段三十秒的影片。,True,11,11,12,1.0,0.9166666666666666,0,0.0,0.8181818181818182,1.5714285714285714,0.7499999999999999
o200k_base,tech02,tech,simp,hk,请上载一段三十秒的影片。,False,11,11,12,1.0,0.9166666666666666,0,0.0,0.8181818181818182,1.5714285714285714,0.7499999999999999
o200k_base,tech03,tech,trad,tw,我需要把這份報告列印出來。,True,12,12,13,1.0,0.9230769230769231,0,0.0,0.8333333333333334,1.5,0.7777777777777778
o200k_base,tech03,tech,simp,tw,我需要把这份报告列印出来。,False,10,12,13,0.8333333333333334,0.7692307692307693,0,0.0,0.5,1.25,0.8750000000000001
o200k_base,tech03,tech,trad,cn,我需要把這份報告打印出來。,False,11,12,13,0.9166666666666666,0.8461538461538461,0,0.0,0.6666666666666666,1.375,0.8235294117647058
o200k_base,tech03,tech,simp,cn,我需要把这份报告打印出来。,True,9,12,13,0.75,0.6923076923076923,0,0.0,0.3333333333333333,1.125,0.9333333333333333
o200k_base,tech03,tech,trad,hk,我需要把這份報告打印出來。,True,11,12,13,0.9166666666666666,0.8461538461538461,0,0.0,0.6666666666666666,1.375,0.8235294117647058
o200k_base,tech03,tech,simp,hk,我需要把这份报告打印出来。,False,9,12,13,0.75,0.6923076923076923,0,0.0,0.3333333333333333,1.125,0.9333333333333333
o200k_base,tech04,tech,trad,tw,滑鼠右鍵點一下就會出現選單。,True,13,13,14,1.0,0.9285714285714286,0,0.0,0.8461538461538461,1.8571428571428572,0.6666666666666666
o200k_base,tech04,tech,simp,tw,滑鼠右键点一下就会出现选单。,False,12,13,14,0.9230769230769231,0.8571428571428571,0,0.0,0.6923076923076923,1.3333333333333333,0.8421052631578948
o200k_base,tech04,tech,trad,cn,鼠標右鍵點一下就會出現菜單。,False,13,13,14,1.0,0.9285714285714286,0,0.0,0.8461538461538461,1.8571428571428572,0.6666666666666666
o200k_base,tech04,tech,simp,cn,鼠标右键点一下就会出现菜单。,True,11,13,14,0.8461538461538461,0.7857142857142857,0,0.0,0.5384615384615384,1.2222222222222223,0.888888888888889
o200k_base,tech04,tech,trad,hk,滑鼠右鍵撳一下就會出現選單。,True,14,13,14,1.0769230769230769,1.0,2,0.07692307692307693,0.7692307692307693,1.75,0.7000000000000001
o200k_base,tech04,tech,simp,hk,滑鼠右键揿一下就会出现选单。,False,13,13,14,1.0,0.9285714285714286,2,0.07692307692307693,0.6153846153846154,1.4444444444444444,0.8
o200k_base,tech05,tech,trad,tw,這個程式有一個小錯誤。,True,12,10,11,1.2,1.0909090909090908,2,0.1,0.9,1.7142857142857142,0.7058823529411764
o200k_base,tech05,tech,simp,tw,这个程式有一个小错误。,False,8,10,11,0.8,0.7272727272727273,0,0.0,0.4,1.1428571428571428,0.923076923076923
o200k_base,tech05,tech,trad,cn,這個程序有一個小錯誤。,False,11,10,11,1.1,1.0,2,0.1,0.7,1.5714285714285714,0.7499999999999999
o200k_base,tech05,tech,simp,cn,这个程序有一个小错误。,True,7,10,11,0.7,0.6363636363636364,0,0.0,0.2,1.0,1.0
o200k_base,tech05,tech,trad,hk,這個程式有一個小錯誤。,True,12,10,11,1.2,1.0909090909090908,2,0.1,0.9,1.7142857142857142,0.7058823529411764
o200k_base,tech05,tech,simp,hk,这个程式有一个小错误。,False,8,10,11,0.8,0.7272727272727273,0,0.0,0.4,1.1428571428571428,0.923076923076923
o200k_base,tech06,tech,trad,tw,資料庫連線失敗，請檢查網路設定。,True,15,14,16,1.0714285714285714,0.9375,2,0.07142857142857142,0.6428571428571429,1.6666666666666667,0.7272727272727273
o200k_base,tech06,tech,simp,tw,资料库连线失败，请检查网路设定。,False,12,14,16,0.8571428571428571,0.75,0,0.0,0.5,1.3333333333333333,0.7368421052631579
o200k_base,tech06,tech,trad,cn,數據庫連接失敗，請檢查網絡設置。,False,17,14,16,1.2142857142857142,1.0625,2,0.07142857142857142,0.9285714285714286,1.8888888888888888,0.6666666666666666
o200k_base,tech06,tech,simp,cn,数据库连接失败，请检查网络设置。,True,8,14,16,0.5714285714285714,0.5,0,0.0,0.0,0.8888888888888888,0.9333333333333333
o200k_base,tech06,tech,trad,hk,資料庫連線失敗，請檢查網絡設定。,True,15,14,16,1.0714285714285714,0.9375,2,0.07142857142857142,0.6428571428571429,1.6666666666666667,0.7272727272727273
o200k_base,tech06,tech,simp,hk,资料库连线失败，请检查网络设定。,False,11,14,16,0.7857142857142857,0.6875,0,0.0,0.35714285714285715,1.2222222222222223,0.7777777777777777
o200k_base,tech07,tech,trad,tw,把檔案存到隨身碟裡。,True,14,9,10,1.5555555555555556,1.4,8,0.4444444444444444,0.5555555555555556,2.3333333333333335,0.5555555555555556
o200k_base,tech07,tech,simp,tw,把档案存到随身碟里。,False,11,9,10,1.2222222222222223,1.1,2,0.1111111111111111,0.8888888888888888,1.5714285714285714,0.7499999999999999
o200k_base,tech07,tech,trad,cn,把文件存到U盤裏。,False,8,7,9,1.1428571428571428,0.8888888888888888,0,0.0,0.7142857142857143,1.1428571428571428,0.923076923076923
o200k_base,tech07,tech,simp,cn,把文件存到U盘里。,True,8,7,9,1.1428571428571428,0.8888888888888888,0,0.0,0.7142857142857143,1.1428571428571428,0.923076923076923
o200k_base,tech07,tech,trad,hk,把檔案存到手指裡。,True,11,8,9,1.375,1.2222222222222223,4,0.25,0.75,1.8333333333333333,0.6666666666666666
o200k_base,tech07,tech,simp,hk,把档案存到手指里。,False,9,8,9,1.125,1.0,0,0.0,1.0,1.2857142857142858,0.8571428571428571
o200k_base,daily01,daily,trad,tw,我要叫一輛計程車去機場。,True,12,11,12,1.0909090909090908,1.0,2,0.09090909090909091,0.7272727272727273,1.7142857142857142,0.7058823529411764
o200k_base,daily01,daily,simp,tw,我要叫一辆计程车去机场。,False,10,11,12,0.9090909090909091,0.8333333333333334,0,0.0,0.6363636363636364,1.4285714285714286,0.8
o200k_base,daily01,daily,trad,cn,我要叫一輛出租車去機場。,False,11,11,12,1.0,0.9166666666666666,2,0.09090909090909091,0.5454545454545454,1.5714285714285714,0.7499999999999999
o200k_base,daily01,daily,simp,cn,我要叫一辆出租车去机场。,True,9,11,12,0.8181818181818182,0.75,0,0.0,0.45454545454545453,1.2857142857142858,0.8571428571428571
o200k_base,daily01,daily,trad,hk,我要叫一輛的士去機場。,True,11,10,11,1.1,1.0,2,0.1,0.7,1.5714285714285714,0.7499999999999999
o200k_base,daily01,daily,simp,hk,我要叫一辆的士去机场。,False,9,10,11,0.9,0.8181818181818182,0,0.0,0.6,1.2857142857142858,0.8571428571428571
o200k_base,daily02,daily,trad,tw,夏天最喜歡吃鳳梨。,True,10,8,9,1.25,1.1111111111111112,2,0.125,0.875,2.0,0.6153846153846153
o200k_base,daily02,daily,simp,tw,夏天最喜欢吃凤梨。,False,8,8,9,1.0,0.8888888888888888,0,0.0,0.75,1.3333333333333333,0.8333333333333333
o200k_base,daily02,daily,trad,cn,夏天最喜歡喫菠蘿。,False,12,8,9,1.5,1.3333333333333333,6,0.375,0.625,1.7142857142857142,0.7058823529411764
o200k_base,daily02,daily,simp,cn,夏天最喜欢吃菠萝。,True,9,8,9,1.125,1.0,2,0.125,0.625,1.5,0.7692307692307693
o200k_base,daily02,daily,trad,hk,夏天最喜歡吃菠蘿。,True,11,8,9,1.375,1.2222222222222223,4,0.25,0.75,2.2,0.5714285714285715
o200k_base,daily02,daily,simp,hk,夏天最喜欢吃菠萝。,False,9,8,9,1.125,1.0,2,0.125,0.625,1.5,0.7692307692307693
o200k_base,daily03,daily,trad,tw,晚餐想煮馬鈴薯燉肉。,True,14,9,10,1.5555555555555556,1.4,8,0.4444444444444444,0.5555555555555556,1.75,0.7000000000000001
o200k_base,daily03,daily,simp,tw,晚餐想煮马铃薯炖肉。,False,13,9,10,1.4444444444444444,1.3,6,0.3333333333333333,0.6666666666666666,2.1666666666666665,0.5882352941176471
o200k_base,daily03,daily,trad,cn,晚餐想煮土豆燉肉。,False,11,8,9,1.375,1.2222222222222223,4,0.25,0.75,1.5714285714285714,0.7499999999999999
o200k_base,daily03,daily,simp,cn,晚餐想煮土豆炖肉。,True,11,8,9,1.375,1.2222222222222223,4,0.25,0.75,1.8333333333333333,0.6666666666666666
o200k_base,daily03,daily,trad,hk,晚餐想煮薯仔燉肉。,True,12,8,9,1.5,1.3333333333333333,6,0.375,0.625,1.7142857142857142,0.7058823529411764
o200k_base,daily03,daily,simp,hk,晚餐想煮薯仔炖肉。,False,12,8,9,1.5,1.3333333333333333,6,0.375,0.625,2.0,0.625
o200k_base,daily04,daily,trad,tw,搭捷運大約二十分鐘可以到。,True,11,12,13,0.9166666666666666,0.8461538461538461,0,0.0,0.6666666666666666,1.5714285714285714,0.7499999999999999
o200k_base,daily04,daily,simp,tw,搭捷运大约二十分钟可以到。,False,11,12,13,0.9166666666666666,0.8461538461538461,0,0.0,0.6666666666666666,1.5714285714285714,0.7499999999999999
o200k_base,daily04,daily,trad,cn,坐地鐵大約二十分鐘可以到。,False,12,12,13,1.0,0.9230769230769231,2,0.08333333333333333,0.5833333333333334,1.7142857142857142,0.7058823529411764
o200k_base,daily04,daily,simp,cn,坐地铁大约二十分钟可以到。,True,11,12,13,0.9166666666666666,0.8461538461538461,0,0.0,0.6666666666666666,1.8333333333333333,0.6666666666666666
o200k_base,daily04,daily,trad,hk,搭港鐵大約二十分鐘可以到。,True,12,12,13,1.0,0.9230769230769231,2,0.08333333333333333,0.5833333333333334,1.7142857142857142,0.7058823529411764
o200k_base,daily04,daily,simp,hk,搭港铁大约二十分钟可以到。,False,11,12,13,0.9166666666666666,0.8461538461538461,0,0.0,0.6666666666666666,1.5714285714285714,0.7499999999999999
o200k_base,daily05,daily,trad,tw,轉角的便利商店有賣。,True,10,9,10,1.1111111111111112,1.0,2,0.1111111111111111,0.6666666666666666,1.6666666666666667,0.7142857142857143
o200k_base,daily05,daily,simp,tw,转角的便利商店有卖。,False,9,9,10,1.0,0.9,0,0.0,0.7777777777777778,1.5,0.7692307692307693
o200k_base,daily05,daily,trad,cn,拐角的便利店有賣。,False,10,8,9,1.25,1.1111111111111112,4,0.25,0.5,1.6666666666666667,0.7142857142857143
o200k_base,daily05,daily,simp,cn,拐角的便利店有卖。,True,9,8,9,1.125,1.0,2,0.125,0.625,1.5,0.7692307692307693
o200k_base,daily05,daily,trad,hk,轉角的便利店有賣。,True,9,8,9,1.125,1.0,2,0.125,0.625,1.5,0.7692307692307693
o200k_base,daily05,daily,simp,hk,转角的便利店有卖。,False,8,8,9,1.0,0.8888888888888888,0,0.0,0.75,1.3333333333333333,0.8333333333333333
o200k_base,daily06,daily,trad,tw,他騎機車去上班。,True,9,7,8,1.2857142857142858,1.125,2,0.14285714285714285,0.8571428571428571,1.5,0.7692307692307693
o200k_base,daily06,daily,simp,tw,他骑机车去上班。,False,8,7,8,1.1428571428571428,1.0,0,0.0,1.0,1.3333333333333333,0.8333333333333333
o200k_base,daily06,daily,trad,cn,他騎摩托車去上班。,False,10,8,9,1.25,1.1111111111111112,2,0.125,0.875,1.6666666666666667,0.7142857142857143
o200k_base,daily06,daily,simp,cn,他骑摩托车去上班。,True,9,8,9,1.125,1.0,0,0.0,1.0,1.5,0.7692307692307693
o200k_base,daily06,daily,trad,hk,他踩電單車去上班。,True,9,8,9,1.125,1.0,0,0.0,1.0,1.5,0.7692307692307693
o200k_base,daily06,daily,simp,hk,他踩电单车去上班。,False,9,8,9,1.125,1.0,0,0.0,1.0,1.5,0.7692307692307693
o200k_base,daily07,daily,trad,tw,冰箱裡還有一罐優格。,True,12,9,10,1.3333333333333333,1.2,4,0.2222222222222222,0.7777777777777778,2.0,0.625
o200k_base,daily07,daily,simp,tw,冰箱里还有一罐优格。,False,10,9,10,1.1111111111111112,1.0,2,0.1111111111111111,0.6666666666666666,1.6666666666666667,0.7142857142857143
o200k_base,daily07,daily,trad,cn,冰箱裏還有一罐酸奶。,False,11,9,10,1.2222222222222223,1.1,2,0.1111111111111111,0.8888888888888888,1.8333333333333333,0.6666666666666666
o200k_base,daily07,daily,simp,cn,冰箱里还有一罐酸奶。,True,10,9,10,1.1111111111111112,1.0,2,0.1111111111111111,0.6666666666666666,1.6666666666666667,0.7142857142857143
o200k_base,daily07,daily,trad,hk,雪櫃裡還有一罐乳酪。,True,15,9,10,1.6666666666666667,1.5,9,0.4444444444444444,0.5555555555555556,3.0,0.4444444444444445
o200k_base,daily07,daily,simp,hk,雪柜里还有一罐乳酪。,False,11,9,10,1.2222222222222223,1.1,4,0.2222222222222222,0.5555555555555556,1.8333333333333333,0.6666666666666666
o200k_base,news01,news,trad,tw,政府今日宣布新的環保政策。,True,8,12,13,0.6666666666666666,0.6153846153846154,0,0.0,0.16666666666666666,1.0,0.8571428571428571
o200k_base,news01,news,simp,tw,政府今日宣布新的环保政策。,False,7,12,13,0.5833333333333334,0.5384615384615384,0,0.0,0.0,0.875,0.923076923076923
o200k_base,news01,news,trad,cn,政府今日宣佈新的環保政策。,False,10,12,13,0.8333333333333334,0.7692307692307693,2,0.08333333333333333,0.25,1.1111111111111112,0.823529411764706
o200k_base,news01,news,simp,cn,政府今日宣布新的环保政策。,True,7,12,13,0.5833333333333334,0.5384615384615384,0,0.0,0.0,0.875,0.923076923076923
o200k_base,news01,news,trad,hk,政府今日宣布新的環保政策。,True,8,12,13,0.6666666666666666,0.6153846153846154,0,0.0,0.16666666666666666,1.0,0.8571428571428571
o200k_base,news01,news,simp,hk,政府今日宣布新的环保政策。,False,7,12,13,0.5833333333333334,0.5384615384615384,0,0.0,0.0,0.875,0.923076923076923
o200k_base,news02,news,trad,tw,教育部公布最新的入學率統計。,True,11,13,14,0.8461538461538461,0.7857142857142857,0,0.0,0.5384615384615384,1.5714285714285714,0.7499999999999999
o200k_base,news02,news,simp,tw,教育部公布最新的入学率统计。,False,10,13,14,0.7692307692307693,0.7142857142857143,0,0.0,0.38461538461538464,1.4285714285714286,0.8
o200k_base,news02,news,trad,cn,教育部公佈最新的入學率統計。,False,13,13,14,1.0,0.9285714285714286,2,0.07692307692307693,0.6153846153846154,1.625,0.7368421052631579
o200k_base,news02,news,simp,cn,教育部公布最新的入学率统计。,True,10,13,14,0.7692307692307693,0.7142857142857143,0,0.0,0.38461538461538464,1.4285714285714286,0.8
o200k_base,news02,news,trad,hk,教育局公布最新的入學率統計。,True,11,13,14,0.8461538461538461,0.7857142857142857,0,0.0,0.5384615384615384,1.5714285714285714,0.7499999999999999
o200k_base,news02,news,simp,hk,教育局公布最新的入学率统计。,False,10,13,14,0.7692307692307693,0.7142857142857143,0,0.0,0.38461538461538464,1.4285714285714286,0.8
o200k_base,news03,news,trad,tw,總統在記者會上發表重要談話。,True,13,13,14,1.0,0.9285714285714286,0,0.0,0.8461538461538461,1.4444444444444444,0.8
o200k_base,news03,news,simp,tw,总统在记者会上发表重要谈话。,False,9,13,14,0.6923076923076923,0.6428571428571429,0,0.0,0.23076923076923078,1.125,0.7999999999999999
o200k_base,news03,news,trad,cn,主席在記者會上發表重要談話。,False,12,13,14,0.9230769230769231,0.8571428571428571,0,0.0,0.6923076923076923,1.3333333333333333,0.8421052631578948
o200k_base,news03,news,simp,cn,主席在记者会上发表重要谈话。,True,9,13,14,0.6923076923076923,0.6428571428571429,0,0.0,0.23076923076923078,1.125,0.7999999999999999
o200k_base,news03,news,trad,hk,特首在記者會上發表重要講話。,True,13,13,14,1.0,0.9285714285714286,0,0.0,0.8461538461538461,1.4444444444444444,0.8
o200k_base,news03,news,simp,hk,特首在记者会上发表重要讲话。,False,9,13,14,0.6923076923076923,0.6428571428571429,0,0.0,0.23076923076923078,1.2857142857142858,0.7142857142857143
o200k_base,news04,news,trad,tw,疫情期間口罩供應穩定。,True,10,10,11,1.0,0.9090909090909091,2,0.1,0.5,1.6666666666666667,0.7142857142857143
o200k_base,news04,news,simp,tw,疫情期间口罩供应稳定。,False,7,10,11,0.7,0.6363636363636364,0,0.0,0.2,1.1666666666666667,0.9090909090909091
o200k_base,news04,news,trad,cn,疫情期間口罩供應穩定。,False,10,10,11,1.0,0.9090909090909091,2,0.1,0.5,1.6666666666666667,0.7142857142857143
o200k_base,news04,news,simp,cn,疫情期间口罩供应稳定。,True,7,10,11,0.7,0.6363636363636364,0,0.0,0.2,1.1666666666666667,0.9090909090909091
o200k_base,news04,news,trad,hk,疫情期間口罩供應穩定。,True,10,10,11,1.0,0.9090909090909091,2,0.1,0.5,1.6666666666666667,0.7142857142857143
o200k_base,news04,news,simp,hk,疫情期间口罩供应稳定。,False,7,10,11,0.7,0.6363636363636364,0,0.0,0.2,1.1666666666666667,0.9090909090909091
o200k_base,news05,news,trad,tw,人工智慧的發展引發各界討論。,True,12,13,14,0.9230769230769231,0.8571428571428571,0,0.0,0.6923076923076923,1.7142857142857142,0.7058823529411764
o200k_base,news05,news,simp,tw,人工智慧的发展引发各界讨论。,False,9,13,14,0.6923076923076923,0.6428571428571429,0,0.0,0.3076923076923077,1.2857142857142858,0.7142857142857143
o200k_base,news05,news,trad,cn,人工智能的發展引發各界討論。,False,12,13,14,0.9230769230769231,0.8571428571428571,0,0.0,0.6923076923076923,1.7142857142857142,0.7058823529411764
o200k_base,news05,news,simp,cn,人工智能的发展引发各界讨论。,True,9,13,14,0.6923076923076923,0.6428571428571429,0,0.0,0.3076923076923077,1.2857142857142858,0.7142857142857143
o200k_base,news05,news,trad,hk,人工智能的發展引發各界討論。,True,12,13,14,0.9230769230769231,0.8571428571428571,0,0.0,0.6923076923076923,1.7142857142857142,0.7058823529411764
o200k_base,news05,news,simp,hk,人工智能的发展引发各界讨论。,False,9,13,14,0.6923076923076923,0.6428571428571429,0,0.0,0.3076923076923077,1.2857142857142858,0.7142857142857143
o200k_base,news06,news,trad,tw,法院駁回上訴並維持原判決。,True,14,12,13,1.1666666666666667,1.0769230769230769,4,0.16666666666666666,0.6666666666666666,2.0,0.631578947368421
o200k_base,news06,news,simp,tw,法院驳回上诉并维持原判决。,False,13,12,13,1.0833333333333333,1.0,2,0.08333333333333333,0.75,2.1666666666666665,0.5882352941176471
o200k_base,news06,news,trad,cn,法院駁回上訴並維持原判決。,False,14,12,13,1.1666666666666667,1.0769230769230769,4,0.16666666666666666,0.6666666666666666,2.0,0.631578947368421
o200k_base,news06,news,simp,cn,法院驳回上诉并维持原判决。,True,13,12,13,1.0833333333333333,1.0,2,0.08333333333333333,0.75,2.1666666666666665,0.5882352941176471
o200k_base,news06,news,trad,hk,法院駁回上訴並維持原判決。,True,14,12,13,1.1666666666666667,1.0769230769230769,4,0.16666666666666666,0.6666666666666666,2.0,0.631578947368421
o200k_base,news06,news,simp,hk,法院驳回上诉并维持原判决。,False,13,12,13,1.0833333333333333,1.0,2,0.08333333333333333,0.75,2.1666666666666665,0.5882352941176471
o200k_base,loan01,loan,trad,tw,實驗室新買了一台雷射切割機。,True,13,13,14,1.0,0.9285714285714286,0,0.0,0.8461538461538461,1.4444444444444444,0.7000000000000001
o200k_base,loan01,loan,simp,tw,实验室新买了一台雷射切割机。,False,12,13,14,0.9230769230769231,0.8571428571428571,0,0.0,0.6923076923076923,1.7142857142857142,0.5882352941176471
o200k_base,loan01,loan,trad,cn,實驗室新買了一臺激光切割機。,False,13,13,14,1.0,0.9285714285714286,0,0.0,0.8461538461538461,1.3,0.761904761904762
o200k_base,loan01,loan,simp,cn,实验室新买了一台激光切割机。,True,12,13,14,0.9230769230769231,0.8571428571428571,0,0.0,0.6923076923076923,1.7142857142857142,0.5882352941176471
o200k_base,loan01,loan,trad,hk,實驗室新買了一台激光切割機。,True,13,13,14,1.0,0.9285714285714286,0,0.0,0.8461538461538461,1.4444444444444444,0.7000000000000001
o200k_base,loan01,loan,simp,hk,实验室新买了一台激光切割机。,False,12,13,14,0.9230769230769231,0.8571428571428571,0,0.0,0.6923076923076923,1.7142857142857142,0.5882352941176471
o200k_base,loan02,loan,trad,tw,她每天都在部落格上寫作。,True,11,11,12,1.0,0.9166666666666666,0,0.0,0.8181818181818182,1.375,0.8235294117647058
o200k_base,loan02,loan,simp,tw,她每天都在部落格上写作。,False,11,11,12,1.0,0.9166666666666666,0,0.0,0.8181818181818182,1.375,0.8235294117647058
o200k_base,loan02,loan,trad,cn,她每天都在博客上寫作。,False,9,10,11,0.9,0.8181818181818182,0,0.0,0.6,1.125,0.9333333333333333
o200k_base,loan02,loan,simp,cn,她每天都在博客上写作。,True,9,10,11,0.9,0.8181818181818182,0,0.0,0.6,1.125,0.9333333333333333
o200k_base,loan02,loan,trad,hk,她每天都在網誌上寫作。,True,10,10,11,1.0,0.9090909090909091,0,0.0,0.8,1.25,0.8750000000000001
o200k_base,loan02,loan,simp,hk,她每天都在网志上写作。,False,10,10,11,1.0,0.9090909090909091,0,0.0,0.8,1.4285714285714286,0.8
o200k_base,loan03,loan,trad,tw,網際網路改變了資訊傳播。,True,11,11,12,1.0,0.9166666666666666,0,0.0,0.8181818181818182,1.5714285714285714,0.7499999999999999
o200k_base,loan03,loan,simp,tw,网际网路改变了资讯传播。,False,9,11,12,0.8181818181818182,0.75,0,0.0,0.45454545454545453,1.5,0.7692307692307693
o200k_base,loan03,loan,trad,cn,互聯網改變了信息傳播。,False,10,10,11,1.0,0.9090909090909091,0,0.0,0.8,1.6666666666666667,0.7142857142857143
o200k_base,loan03,loan,simp,cn,互联网改变了信息传播。,True,6,10,11,0.6,0.5454545454545454,0,0.0,0.1,1.0,1.0
o200k_base,loan03,loan,trad,hk,互聯網改變了資訊傳播。,True,10,10,11,1.0,0.9090909090909091,0,0.0,0.8,1.6666666666666667,0.7142857142857143
o200k_base,loan03,loan,simp,hk,互联网改变了资讯传播。,False,6,10,11,0.6,0.5454545454545454,0,0.0,0.1,1.0,1.0
o200k_base,loan04,loan,trad,tw,他點了一杯拿鐵和一份三明治。,True,14,13,14,1.0769230769230769,1.0,2,0.07692307692307693,0.7692307692307693,1.5555555555555556,0.6666666666666667
o200k_base,loan04,loan,simp,tw,他点了一杯拿铁和一份三明治。,False,13,13,14,1.0,0.9285714285714286,0,0.0,0.8461538461538461,1.4444444444444444,0.7000000000000001
o200k_base,loan04,loan,trad,cn,他點了一杯拿鐵和一份三明治。,False,14,13,14,1.0769230769230769,1.0,2,0.07692307692307693,0.7692307692307693,1.5555555555555556,0.6666666666666667
o200k_base,loan04,loan,simp,cn,他点了一杯拿铁和一份三明治。,True,13,13,14,1.0,0.9285714285714286,0,0.0,0.8461538461538461,1.4444444444444444,0.7000000000000001
o200k_base,loan04,loan,trad,hk,他叫咗一杯拿鐵同一份三文治。,True,16,13,14,1.2307692307692308,1.1428571428571428,4,0.15384615384615385,0.8461538461538461,2.0,0.6363636363636364
o200k_base,loan04,loan,simp,hk,他叫咗一杯拿铁同一份三文治。,False,15,13,14,1.1538461538461537,1.0714285714285714,2,0.07692307692307693,0.9230769230769231,1.875,0.6666666666666666
o200k_base,loan05,loan,trad,tw,這款巧克力用了新的乳化劑。,True,12,12,13,1.0,0.9230769230769231,2,0.08333333333333333,0.5833333333333334,1.3333333333333333,0.631578947368421
o200k_base,loan05,loan,simp,tw,这款巧克力用了新的乳化剂。,False,11,12,13,0.9166666666666666,0.8461538461538461,0,0.0,0.6666666666666666,1.2222222222222223,0.6666666666666665
o200k_base,loan05,loan,trad,cn,這款巧克力用了新的乳化劑。,False,12,12,13,1.0,0.9230769230769231,2,0.08333333333333333,0.5833333333333334,1.3333333333333333,0.631578947368421
o200k_base,loan05,loan,simp,cn,这款巧克力用了新的乳化剂。,True,11,12,13,0.9166666666666666,0.8461538461538461,0,0.0,0.6666666666666666,1.2222222222222223,0.6666666666666665
o200k_base,loan05,loan,trad,hk,這款朱古力用了新的乳化劑。,True,12,12,13,1.0,0.9230769230769231,2,0.08333333333333333,0.5833333333333334,1.3333333333333333,0.631578947368421
o200k_base,loan05,loan,simp,hk,这款朱古力用了新的乳化剂。,False,11,12,13,0.9166666666666666,0.8461538461538461,0,0.0,0.6666666666666666,1.2222222222222223,0.6666666666666665
o200k_base,loan06,loan,trad,tw,維他命和礦物質都要補充。,True,13,11,12,1.1818181818181819,1.0833333333333333,2,0.09090909090909091,0.9090909090909091,1.625,0.7368421052631579
o200k_base,loan06,loan,simp,tw,维他命和矿物质都要补充。,False,12,11,12,1.0909090909090908,1.0,0,0.0,1.0,1.7142857142857142,0.7058823529411764
o200k_base,loan06,loan,trad,cn,維生素和礦物質都要補充。,False,13,11,12,1.1818181818181819,1.0833333333333333,2,0.09090909090909091,0.9090909090909091,1.8571428571428572,0.6666666666666666
o200k_base,loan06,loan,simp,cn,维生素和矿物质都要补充。,True,12,11,12,1.0909090909090908,1.0,0,0.0,1.0,1.7142857142857142,0.7058823529411764
o200k_base,loan06,loan,trad,hk,維他命和礦物質都要補充。,True,13,11,12,1.1818181818181819,1.0833333333333333,2,0.09090909090909091,0.9090909090909091,1.625,0.7368421052631579
o200k_base,loan06,loan,simp,hk,维他命和矿物质都要补充。,False,12,11,12,1.0909090909090908,1.0,0,0.0,1.0,1.7142857142857142,0.7058823529411764
o200k_base,cxg01,cxg,trad,tw,他越說越生氣，最後乾脆不講了。,True,15,13,15,1.1538461538461537,1.0,2,0.07692307692307693,0.7692307692307693,1.25,0.8
o200k_base,cxg01,cxg,simp,tw,他越说越生气，最后干脆不讲了。,False,15,13,15,1.1538461538461537,1.0,2,0.07692307692307693,0.7692307692307693,1.25,0.88
o200k_base,cxg01,cxg,trad,cn,他越說越生氣，最後乾脆不講了。,False,15,13,15,1.1538461538461537,1.0,2,0.07692307692307693,0.7692307692307693,1.25,0.8
o200k_base,cxg01,cxg,simp,cn,他越说越生气，最后干脆不讲了。,True,15,13,15,1.1538461538461537,1.0,2,0.07692307692307693,0.7692307692307693,1.25,0.88
o200k_base,cxg01,cxg,trad,hk,他越講越嬲，最後索性唔講。,True,14,11,13,1.2727272727272727,1.0769230769230769,4,0.18181818181818182,0.6363636363636364,1.2727272727272727,0.7826086956521738
o200k_base,cxg01,cxg,simp,hk,他越讲越嬲，最后索性唔讲。,False,14,11,13,1.2727272727272727,1.0769230769230769,4,0.18181818181818182,0.6363636363636364,1.2727272727272727,0.8695652173913044
o200k_base,cxg02,cxg,trad,tw,這本書我一看就懂。,True,9,8,9,1.125,1.0,0,0.0,1.0,1.2857142857142858,0.8571428571428571
o200k_base,cxg02,cxg,simp,tw,这本书我一看就懂。,False,9,8,9,1.125,1.0,0,0.0,1.0,1.125,0.9333333333333333
o200k_base,cxg02,cxg,trad,cn,這本書我一看就懂。,False,9,8,9,1.125,1.0,0,0.0,1.0,1.2857142857142858,0.8571428571428571
o200k_base,cxg02,cxg,simp,cn,这本书我一看就懂。,True,9,8,9,1.125,1.0,0,0.0,1.0,1.125,0.9333333333333333
o200k_base,cxg02,cxg,trad,hk,這本書我一睇就明。,True,10,8,9,1.25,1.1111111111111112,2,0.125,0.875,1.4285714285714286,0.8
o200k_base,cxg02,cxg,simp,hk,这本书我一睇就明。,False,10,8,9,1.25,1.1111111111111112,2,0.125,0.875,1.25,0.8750000000000001
o200k_base,cxg03,cxg,trad,tw,他昨天洗了個澡就睡了。,True,10,10,11,1.0,0.9090909090909091,0,0.0,0.8,1.0,1.0
o200k_base,cxg03,cxg,simp,tw,他昨天洗了个澡就睡了。,False,10,10,11,1.0,0.9090909090909091,0,0.0,0.8,1.0,1.0
o200k_base,cxg03,cxg,trad,cn,他昨天洗了個澡就睡了。,False,10,10,11,1.0,0.9090909090909091,0,0.0,0.8,1.0,1.0
o200k_base,cxg03,cxg,simp,cn,他昨天洗了个澡就睡了。,True,10,10,11,1.0,0.9090909090909091,0,0.0,0.8,1.0,1.0
o200k_base,cxg03,cxg,trad,hk,他琴日沖咗個涼就瞓。,True,13,9,10,1.4444444444444444,1.3,6,0.3333333333333333,0.6666666666666666,1.4444444444444444,0.8
o200k_base,cxg03,cxg,simp,hk,他琴日冲咗个凉就瞓。,False,12,9,10,1.3333333333333333,1.2,4,0.2222222222222222,0.7777777777777778,1.3333333333333333,0.8421052631578948
o200k_base,cxg04,cxg,trad,tw,我們研究研究再決定。,True,7,9,10,0.7777777777777778,0.7,0,0.0,0.3333333333333333,1.1666666666666667,0.9090909090909091
o200k_base,cxg04,cxg,simp,tw,我们研究研究再决定。,False,6,9,10,0.6666666666666666,0.6,0,0.0,0.1111111111111111,1.0,1.0
o200k_base,cxg04,cxg,trad,cn,我們研究研究再決定。,False,7,9,10,0.7777777777777778,0.7,0,0.0,0.3333333333333333,1.1666666666666667,0.9090909090909091
o200k_base,cxg04,cxg,simp,cn,我们研究研究再决定。,True,6,9,10,0.6666666666666666,0.6,0,0.0,0.1111111111111111,1.0,1.0
o200k_base,cxg04,cxg,trad,hk,我哋研究研究先決定。,True,9,9,10,1.0,0.9,2,0.1111111111111111,0.4444444444444444,1.5,0.7692307692307693
o200k_base,cxg04,cxg,simp,hk,我哋研究研究先决定。,False,8,9,10,0.8888888888888888,0.8,2,0.1111111111111111,0.2222222222222222,1.1428571428571428,0.923076923076923
o200k_base,cxg05,cxg,trad,tw,這件事說起來一言難盡。,True,12,10,11,1.2,1.0909090909090908,2,0.1,0.9,1.7142857142857142,0.7058823529411764
o200k_base,cxg05,cxg,simp,tw,这件事说起来一言难尽。,False,10,10,11,1.0,0.9090909090909091,0,0.0,0.8,2.0,0.6153846153846153
o200k_base,cxg05,cxg,trad,cn,這件事說起來一言難盡。,False,12,10,11,1.2,1.0909090909090908,2,0.1,0.9,1.7142857142857142,0.7058823529411764
o200k_base,cxg05,cxg,simp,cn,这件事说起来一言难尽。,True,10,10,11,1.0,0.9090909090909091,0,0.0,0.8,2.0,0.6153846153846153
o200k_base,cxg05,cxg,trad,hk,呢件事講起上嚟一言難盡。,True,14,11,12,1.2727272727272727,1.1666666666666667,4,0.18181818181818182,0.8181818181818182,1.5555555555555556,0.761904761904762
o200k_base,cxg05,cxg,simp,hk,呢件事讲起上嚟一言难尽。,False,13,11,12,1.1818181818181819,1.0833333333333333,2,0.09090909090909091,0.9090909090909091,1.4444444444444444,0.8
o200k_base,cxg06,cxg,trad,tw,他把那份文件放在桌上了。,True,11,11,12,1.0,0.9166666666666666,0,0.0,0.8181818181818182,1.375,0.8235294117647058
o200k_base,cxg06,cxg,simp,tw,他把那份文件放在桌上了。,False,11,11,12,1.0,0.9166666666666666,0,0.0,0.8181818181818182,1.375,0.8235294117647058
o200k_base,cxg06,cxg,trad,cn,他把那份文件放在桌上了。,False,11,11,12,1.0,0.9166666666666666,0,0.0,0.8181818181818182,1.375,0.8235294117647058
o200k_base,cxg06,cxg,simp,cn,他把那份文件放在桌上了。,True,11,11,12,1.0,0.9166666666666666,0,0.0,0.8181818181818182,1.375,0.8235294117647058
o200k_base,cxg06,cxg,trad,hk,佢將份文件擺喺枱面。,True,13,9,10,1.4444444444444444,1.3,8,0.4444444444444444,0.3333333333333333,1.8571428571428572,0.6666666666666666
o200k_base,cxg06,cxg,simp,hk,佢将份文件摆喺枱面。,False,12,9,10,1.3333333333333333,1.2,6,0.3333333333333333,0.4444444444444444,1.7142857142857142,0.7058823529411764
o200k_base,name01,name,trad,tw,川普與拜登再次交鋒。,True,10,9,10,1.1111111111111112,1.0,2,0.1111111111111111,0.6666666666666666,1.6666666666666667,0.7142857142857143
o200k_base,name01,name,simp,tw,川普与拜登再次交锋。,False,9,9,10,1.0,0.9,0,0.0,0.7777777777777778,1.5,0.7692307692307693
o200k_base,name01,name,trad,cn,特朗普與拜登再次交鋒。,False,9,10,11,0.9,0.8181818181818182,2,0.1,0.4,1.5,0.7692307692307693
o200k_base,name01,name,simp,cn,特朗普与拜登再次交锋。,True,8,10,11,0.8,0.7272727272727273,0,0.0,0.5,1.3333333333333333,0.8333333333333333
o200k_base,name01,name,trad,hk,特朗普與拜登再次交鋒。,True,9,10,11,0.9,0.8181818181818182,2,0.1,0.4,1.5,0.7692307692307693
o200k_base,name01,name,simp,hk,特朗普与拜登再次交锋。,False,8,10,11,0.8,0.7272727272727273,0,0.0,0.5,1.3333333333333333,0.8333333333333333
o200k_base,name02,name,trad,tw,他下週要飛往雪梨開會。,True,11,10,11,1.1,1.0,0,0.0,1.0,1.5714285714285714,0.7499999999999999
o200k_base,name02,name,simp,tw,他下周要飞往雪梨开会。,False,11,10,11,1.1,1.0,0,0.0,1.0,1.5714285714285714,0.7499999999999999
o200k_base,name02,name,trad,cn,他下週要飛往悉尼開會。,False,11,10,11,1.1,1.0,0,0.0,1.0,1.5714285714285714,0.7499999999999999
o200k_base,name02,name,simp,cn,他下周要飞往悉尼开会。,True,11,10,11,1.1,1.0,0,0.0,1.0,1.5714285714285714,0.7499999999999999
o200k_base,name02,name,trad,hk,他下星期要飛往悉尼開會。,True,11,11,12,1.0,0.9166666666666666,0,0.0,0.8181818181818182,1.5714285714285714,0.7499999999999999
o200k_base,name02,name,simp,hk,他下星期要飞往悉尼开会。,False,11,11,12,1.0,0.9166666666666666,0,0.0,0.8181818181818182,1.5714285714285714,0.7499999999999999
o200k_base,name03,name,trad,tw,紐西蘭的乳製品出口成長。,True,13,11,12,1.1818181818181819,1.0833333333333333,4,0.18181818181818182,0.6363636363636364,1.625,0.7368421052631579
o200k_base,name03,name,simp,tw,纽西兰的乳制品出口成长。,False,10,11,12,0.9090909090909091,0.8333333333333334,0,0.0,0.6363636363636364,1.6666666666666667,0.7142857142857143
o200k_base,name03,name,trad,cn,新西蘭的乳製品出口增長。,False,12,11,12,1.0909090909090908,1.0,2,0.09090909090909091,0.7272727272727273,1.5,0.7777777777777778
o200k_base,name03,name,simp,cn,新西兰的乳制品出口增长。,True,10,11,12,0.9090909090909091,0.8333333333333334,0,0.0,0.6363636363636364,1.6666666666666667,0.7142857142857143
o200k_base,name03,name,trad,hk,紐西蘭的乳製品出口增長。,True,13,11,12,1.1818181818181819,1.0833333333333333,4,0.18181818181818182,0.6363636363636364,1.625,0.7368421052631579
o200k_base,name03,name,simp,hk,纽西兰的乳制品出口增长。,False,10,11,12,0.9090909090909091,0.8333333333333334,0,0.0,0.6363636363636364,1.6666666666666667,0.7142857142857143
o200k_base,name04,name,trad,tw,他最愛的作家是海明威。,True,11,10,11,1.1,1.0,0,0.0,1.0,1.8333333333333333,0.6666666666666666
o200k_base,name04,name,simp,tw,他最爱的作家是海明威。,False,10,10,11,1.0,0.9090909090909091,0,0.0,0.8,1.25,0.75
o200k_base,name04,name,trad,cn,他最愛的作家是海明威。,False,11,10,11,1.1,1.0,0,0.0,1.0,1.8333333333333333,0.6666666666666666
o200k_base,name04,name,simp,cn,他最爱的作家是海明威。,True,10,10,11,1.0,0.9090909090909091,0,0.0,0.8,1.25,0.75
o200k_base,name04,name,trad,hk,他最愛的作家是海明威。,True,11,10,11,1.1,1.0,0,0.0,1.0,1.8333333333333333,0.6666666666666666
o200k_base,name04,name,simp,hk,他最爱的作家是海明威。,False,10,10,11,1.0,0.9090909090909091,0,0.0,0.8,1.25,0.75
o200k_base,name05,name,trad,tw,梵谷的畫作在奧塞美術館展出。,True,16,13,14,1.2307692307692308,1.1428571428571428,4,0.15384615384615385,0.8461538461538461,2.2857142857142856,0.5714285714285715
o200k_base,name05,name,simp,tw,梵谷的画作在奥塞美术馆展出。,False,15,13,14,1.1538461538461537,1.0714285714285714,2,0.07692307692307693,0.9230769230769231,1.875,0.6666666666666666
o200k_base,name05,name,trad,cn,梵高的畫作在奧賽博物館展出。,False,17,13,14,1.3076923076923077,1.2142857142857142,6,0.23076923076923078,0.7692307692307693,1.8888888888888888,0.6666666666666666
o200k_base,name05,name,simp,cn,梵高的画作在奥赛博物馆展出。,True,15,13,14,1.1538461538461537,1.0714285714285714,2,0.07692307692307693,0.9230769230769231,1.875,0.6666666666666666
o200k_base,name05,name,trad,hk,梵高的畫作在奧賽博物館展出。,True,17,13,14,1.3076923076923077,1.2142857142857142,6,0.23076923076923078,0.7692307692307693,1.8888888888888888,0.6666666666666666
o200k_base,name05,name,simp,hk,梵高的画作在奥赛博物馆展出。,False,15,13,14,1.1538461538461537,1.0714285714285714,2,0.07692307692307693,0.9230769230769231,1.875,0.6666666666666666
